date,priceIndex,totalReturnIndex
2020-08-03,10039.2600,19429.7800
2020-08-04,10220.5200,19780.5900
2020-08-05,10275.7800,19896.4900
2020-08-06,10396.6100,20141.6300
2020-08-07,10316.7400,19996.3300
2020-08-10,10385.7200,20130.0400
2020-08-11,10270.9900,19922.5700
2020-08-12,10131.2000,19669.6500
2020-08-13,10247.9000,19924.6400
2020-08-14,10229.5200,19888.9000
2020-08-17,10369.7400,20161.5400
2020-08-18,10280.9100,19990.1800
2020-08-19,10180.2200,19794.3900
2020-08-20,9871.9600,19195.0100
2020-08-21,10064.1200,19568.6400
2020-08-24,10083.9200,19607.1400
2020-08-25,10180.9900,19795.8800
2020-08-26,10264.3100,19957.8900
2020-08-27,10236.6400,19904.0800
2020-08-28,10141.1900,19718.5000
2020-08-31,9982.0300,19409.0300
2020-09-01,10106.6900,19651.4300
2020-09-02,10088.0300,19615.1300
2020-09-03,10140.5200,19724.0700
2020-09-04,10019.9900,19489.6400
2020-09-07,10004.6600,19459.8100
2020-09-08,10083.6300,19613.4100
2020-09-09,10015.5000,19480.9000
2020-09-10,10125.1400,19694.1600
2020-09-11,10142.9000,19728.6900
2020-09-14,10241.6300,19920.7300
2020-09-15,10294.1400,20022.8800
2020-09-16,10450.5700,20327.1300
2020-09-17,10301.7100,20092.5500
2020-09-18,10269.4200,20029.5700
2020-09-21,10199.6700,19893.5300
2020-09-22,10096.4100,19692.1300
2020-09-23,10051.0200,19603.6100
2020-09-24,9809.0500,19131.6600
2020-09-25,9810.8000,19135.0700
2020-09-28,10005.2800,19514.3900
2020-09-29,10014.8200,19532.9900
2020-09-30,10052.8700,19607.2200
2020-10-05,10055.6000,19612.5300
2020-10-06,10181.2900,19857.6800
2020-10-07,10228.1300,19949.0500
2020-10-08,10400.4000,20285.0400
2020-10-12,10508.5800,20496.0200
2020-10-13,10491.3200,20462.3600
2020-10-14,10438.1800,20358.7200
2020-10-15,10339.7100,20166.6600
2020-10-16,10279.1700,20048.5800
2020-10-19,10423.4800,20330.0400
2020-10-20,10352.0000,20190.6400
2020-10-21,10360.1000,20206.4400
2020-10-22,10413.6000,20310.7800
2020-10-23,10368.9500,20223.6900
2020-10-26,10367.6800,20221.2200
2020-10-27,10335.2100,20157.8800
2020-10-28,10266.9300,20024.7200
2020-10-29,10137.7700,19772.8000
2020-10-30,10047.1800,19596.1200
2020-11-02,10107.1300,19713.0500
2020-11-03,10224.4500,19941.8600
2020-11-04,10361.2000,20208.5700
2020-11-05,10405.6100,20295.2000
2020-11-06,10452.0400,20385.7500
2020-11-09,10574.5000,20624.6100
2020-11-10,10509.6900,20498.2000
2020-11-11,10660.7700,20792.8700
2020-11-12,10651.3000,20774.3900
2020-11-13,10700.3000,20869.9500
2020-11-16,11015.8800,21485.4700
2020-11-17,11051.2700,21554.5000
2020-11-18,11238.2400,21919.1600
2020-11-19,11160.6500,21767.8400
2020-11-20,11138.5100,21724.6600
2020-11-23,11289.9700,22020.0600
2020-11-24,11213.9200,21871.7400
2020-11-25,11125.7900,21699.8500
2020-11-26,11192.8000,21830.5400
2020-11-27,11181.8000,21809.0900
2020-11-30,11011.3000,21476.5500
2020-12-01,11182.5700,21810.5800
2020-12-02,11303.7300,22046.9000
2020-12-03,11290.9500,22021.9700
2020-12-04,11437.8300,22308.4500
2020-12-07,11597.9700,22620.7900
2020-12-08,11723.1800,22865.0000
2020-12-09,11703.0800,22825.7900
2020-12-10,11565.5900,22557.6400
2020-12-11,11621.9400,22667.5500
2020-12-14,11515.3700,22459.6900
2020-12-15,11412.6200,22259.2800
2020-12-16,11587.2700,22599.9300
2020-12-17,11539.5800,22562.2100
2020-12-18,11536.7600,22556.6900
2020-12-21,11669.2200,22815.6700
2020-12-22,11511.5600,22507.4100
2020-12-23,11524.7900,22533.2900
2020-12-24,11562.5800,22607.1800
2020-12-25,11600.6000,22681.5200
2020-12-28,11703.0600,22881.8300
2020-12-29,11688.4000,22853.1900
2020-12-30,11905.3000,23277.2700
2020-12-31,11952.9400,23370.4100
2021-01-04,12094.4100,23647.0100
2021-01-05,12207.7100,23868.5300
2021-01-06,12287.0100,24023.5700
2021-01-07,12534.6100,24507.6900
2021-01-08,12808.9300,25044.0500
2021-01-11,12901.7200,25225.4600
2021-01-12,12913.9400,25249.3500
2021-01-13,13178.8400,25767.2900
2021-01-14,13060.5000,25535.9100
2021-01-15,13079.1400,25572.3600
2021-01-18,13101.7400,25616.5500
2021-01-19,13416.7400,26232.4400
2021-01-20,13526.6800,26447.3800
2021-01-21,13922.3000,27220.9000
2021-01-22,13664.8400,26717.5200
2021-01-25,13532.0500,26457.8900
2021-01-26,13237.1700,25881.3400
2021-01-27,13248.8700,25904.2100
2021-01-28,12980.0400,25378.5900
2021-01-29,12748.1000,24925.1100
2021-02-01,13062.7000,25540.2100
2021-02-02,13413.0200,26225.1700
2021-02-03,13414.7200,26228.4900
2021-02-04,13348.8600,26099.7100
2021-02-05,13444.9700,26287.6200
2021-02-17,13995.1900,27363.4100
2021-02-18,13983.8400,27341.2400
2021-02-19,13844.9500,27069.6600
2021-02-22,13828.7000,27037.9000
2021-02-23,13794.9500,26971.9200
2021-02-24,13558.4400,26509.4800
2021-02-25,13766.9800,26917.2300
2021-02-26,13221.6600,25851.0100
2021-03-02,13277.7500,25960.6800
2021-03-03,13528.0200,26450.0000
2021-03-04,13188.9200,25786.9900
2021-03-05,13153.2000,25717.1600
2021-03-08,13102.2100,25617.4600
2021-03-09,13122.5900,25657.3000
2021-03-10,13164.8500,25739.9400
2021-03-11,13410.1100,26219.4600
2021-03-12,13496.2200,26387.8400
2021-03-15,13462.8000,26322.4900
2021-03-16,13521.7500,26437.7400
2021-03-17,13401.6600,26257.9000
2021-03-18,13431.2600,26315.9000
2021-03-19,13196.1100,25855.1600
2021-03-22,13286.7000,26032.6600
2021-03-23,13303.0700,26064.7300
2021-03-24,13089.3300,25645.9500
2021-03-25,13136.9900,25739.3300
2021-03-26,13363.9200,26183.9600
2021-03-29,13511.1400,26472.4100
2021-03-30,13556.0900,26560.4600
2021-03-31,13391.6200,26238.2300
2021-04-01,13547.9000,26544.4300
2021-04-06,13695.5700,26833.7600
2021-04-07,13722.2000,26885.9400
2021-04-08,13795.8700,27030.2700
2021-04-09,13723.6300,26888.7400
2021-04-12,13656.4100,26757.0400
2021-04-13,13677.6400,26798.6300
2021-04-14,13765.3500,26970.4700
2021-04-15,13934.0900,27301.0900
2021-04-16,13906.0100,27246.0700
2021-04-19,13886.0500,27206.9700
2021-04-20,13928.7300,27290.6000
2021-04-21,13732.5700,26906.2400
2021-04-22,13699.8400,26842.1200
2021-04-23,13904.0900,27242.3100
2021-04-26,14109.2500,27644.2700
2021-04-27,14102.3200,27630.7000
2021-04-28,14009.8300,27449.4900
2021-04-29,14008.6600,27447.2000
2021-05-03,13731.2500,26903.6700
2021-05-04,13650.2500,26744.9600
2021-05-05,13523.6600,26496.9300
2021-05-06,13676.9100,26797.1900
2021-05-07,13903.7200,27241.5900
2021-05-10,13745.9700,26932.5000
2021-05-11,13241.4800,25944.0500
2021-05-12,12820.7500,25119.7200
2021-05-13,12632.0700,24750.0400
2021-05-14,12831.8100,25141.3900
2021-05-17,12559.6500,24608.1400
2021-05-18,13167.7500,25799.5900
2021-05-19,13069.0400,25606.2000
2021-05-20,13032.0300,25533.6700
2021-05-21,13204.9500,25872.4900
2021-05-24,13153.0400,25770.7800
2021-05-25,13415.8800,26285.7500
2021-05-26,13425.8700,26305.3200
2021-05-27,13352.4600,26161.5000
2021-05-28,13536.9300,26522.9400
2021-05-31,13718.0400,26877.7800
2021-06-01,13723.9200,26889.3000
2021-06-02,13694.2900,26831.2400
2021-06-03,13724.4700,26890.3800
2021-06-04,13672.7800,26789.1000
2021-06-07,13619.0800,26683.8800
2021-06-08,13577.3200,26602.0700
2021-06-09,13490.5800,26432.1300
2021-06-10,13711.2000,26864.3800
2021-06-11,13741.9200,26924.5600
2021-06-15,13842.6000,27121.8200
2021-06-16,13781.3200,27003.0200
2021-06-17,13793.4900,27082.5700
2021-06-18,13687.1400,26873.7600
2021-06-21,13390.7300,26291.7700
2021-06-22,13350.1400,26212.0700
2021-06-23,13610.8600,26723.9900
2021-06-24,13600.3400,26705.7200
2021-06-25,13663.4300,26829.5900
2021-06-28,13695.9100,26893.3700
2021-06-29,13754.3700,27008.1700
2021-06-30,13843.2900,27191.1100
2021-07-01,13820.4900,27146.3400
2021-07-02,13765.2300,27037.8000
2021-07-05,13914.5000,27330.9900
2021-07-06,13906.5000,27364.9200
2021-07-07,13871.4900,27296.0100
2021-07-08,13842.0200,27240.6800
2021-07-09,13677.3500,26933.9900
2021-07-12,13827.6500,27229.9600
2021-07-13,13961.3200,27493.2000
2021-07-14,14008.9800,27587.0400
2021-07-15,14132.4000,27830.0800
2021-07-16,13909.8100,27391.7500
2021-07-19,13777.6600,27131.5100
2021-07-20,13630.3800,26852.7300
2021-07-21,13623.8100,26839.7900
2021-07-22,13714.8400,27079.9500
2021-07-23,13672.3600,27001.5200
2021-07-26,13500.3300,26712.6800
2021-07-27,13459.8400,26640.3500
2021-07-28,13374.0800,26487.9500
2021-07-29,13549.7200,26835.8200
2021-07-30,13459.9600,26673.4500
2021-08-02,13680.1200,27131.0600
2021-08-03,13731.9000,27235.2500
2021-08-04,13799.9900,27370.9600
2021-08-05,13803.4300,27391.8800
2021-08-06,13725.1000,27236.4400
2021-08-09,13738.0300,27262.1000
2021-08-10,13618.6100,27033.6300
2021-08-11,13593.5200,26991.2900
2021-08-12,13534.1200,26905.0300
2021-08-13,13383.2300,26605.0600
2021-08-16,13354.2000,26564.7900
2021-08-17,13229.0900,26324.0300
2021-08-18,13276.0000,26423.3600
2021-08-19,12929.3300,25733.3700
2021-08-20,12855.2100,25585.8500
2021-08-23,13180.9200,26240.7300
2021-08-24,13265.2400,26408.5900
2021-08-25,13459.1700,26809.9300
2021-08-26,13523.6900,26946.8500
2021-08-27,13659.4400,27217.3500
2021-08-30,13818.1100,27533.5000
2021-08-31,13933.3300,27775.4300
2021-09-01,13906.3800,27721.7100
2021-09-02,13796.1800,27502.0200
2021-09-03,13998.1900,27904.7200
2021-09-06,14059.5900,28040.3600
2021-09-07,13968.7100,27870.0000
2021-09-08,13884.4500,27707.9400
2021-09-09,13877.1200,27705.2000
2021-09-10,13997.5400,27945.6200
2021-09-13,13932.3800,27815.5300
2021-09-14,13924.3900,27799.5800
2021-09-15,13834.3300,27619.7700
2021-09-16,13744.0700,27502.3800
2021-09-17,13714.4400,27443.0900
2021-09-22,13422.5300,26858.9600
2021-09-23,13516.7900,27047.5900
2021-09-24,13691.6300,27397.4300
2021-09-27,13756.5700,27527.3800
2021-09-28,13624.7200,27263.5400
2021-09-29,13334.3100,26682.4400
2021-09-30,13369.3000,26752.4500
2021-10-01,13135.4400,26284.4900
2021-10-04,13043.1300,26099.7600
2021-10-05,13034.5700,26082.6400
2021-10-06,13020.0200,26053.5200
2021-10-07,13257.1800,26528.0900
2021-10-08,13167.1000,26347.8500
2021-10-12,13052.6300,26118.7900
2021-10-13,12964.7500,25942.9200
2021-10-14,12979.7300,25972.9000
2021-10-15,13383.3300,26780.5300
2021-10-18,13269.2700,26552.2800
2021-10-19,13437.4000,26888.7200
2021-10-20,13408.9300,26831.7600
2021-10-21,13399.4900,26812.8700
2021-10-22,13418.2000,26850.3000
2021-10-25,13375.9900,26765.8300
2021-10-26,13507.3000,27028.5900
2021-10-27,13508.2900,27030.5800
2021-10-28,13452.5800,26919.0900
2021-10-29,13357.3000,26728.4300
2021-11-01,13378.0200,26769.8900
2021-11-02,13408.3300,26830.5400
2021-11-03,13434.0400,26881.9900
2021-11-04,13373.2200,26760.3000
2021-11-05,13600.8900,27215.8700
2021-11-08,13709.7500,27433.7000
2021-11-09,13822.1600,27658.6300
2021-11-10,13812.0000,27638.3100
2021-11-11,13694.2600,27402.7000
2021-11-12,13734.8300,27483.8900
2021-11-15,13831.9000,27678.1300
2021-11-16,13882.7500,27779.8700
2021-11-17,13914.1400,27842.6900
2021-11-18,14007.1800,28028.8700
2021-11-19,14023.9600,28062.4400
2021-11-22,13968.1900,27950.8400
2021-11-23,13875.1800,27764.7300
2021-11-24,13779.4900,27573.2500
2021-11-25,13788.0800,27590.4400
2021-11-26,13582.3700,27178.8100
2021-11-29,13548.3000,27110.6400
2021-11-30,13590.7800,27195.6400
2021-12-01,13756.1000,27526.4600
2021-12-02,13977.0200,27968.5200
2021-12-03,13898.8300,27812.0500
2021-12-06,13862.9800,27740.3200
2021-12-07,13960.4000,27935.2600
2021-12-08,13949.4900,27913.4300
2021-12-09,14026.7200,28067.9600
2021-12-10,13946.4400,27907.3200
2021-12-13,13882.9500,27780.2800
2021-12-14,13797.5600,27609.4200
2021-12-15,13820.5400,27655.4000
2021-12-16,13922.9700,27921.7200
2021-12-17,13969.1500,28014.3400
2021-12-20,13810.2600,27695.7000
2021-12-21,13891.2900,27858.1800
2021-12-22,13928.3600,27932.5300
2021-12-23,14030.4900,28137.3400
2021-12-24,14036.6400,28149.6900
2021-12-27,14105.0300,28286.8400
2021-12-28,14270.5000,28618.6700
2021-12-29,14299.9000,28677.6300
2021-12-30,14265.9600,28609.5600
2022-01-03,14383.4100,28845.1100
2022-01-04,14701.3500,29482.7200
2022-01-05,14678.3300,29436.5600
2022-01-06,14551.1800,29181.5600
2022-01-07,14384.4100,28847.1100
2022-01-10,14458.7600,28996.2100
2022-01-11,14573.5000,29226.3100
2022-01-12,14680.6800,29444.2200
2022-01-13,14742.6700,29568.5500
2022-01-14,14770.1700,29623.7000
2022-01-17,14901.2600,29886.6400
2022-01-18,14682.8600,29448.5900
2022-01-19,14545.4400,29172.9900
2022-01-20,14506.9200,29095.7300
2022-01-21,14270.8200,28622.2000
2022-01-24,14410.7400,28902.8300
2022-01-25,14187.4700,28455.0200
2022-01-26,14122.9000,28325.5100
2022-02-07,14224.4600,28529.2200
2022-02-08,14207.6800,28495.5600
2022-02-09,14348.6500,28778.3000
2022-02-10,14575.6200,29233.5100
2022-02-11,14558.3000,29198.7700
2022-02-14,14289.3800,28659.4300
2022-02-15,14225.1800,28530.6500
2022-02-16,14471.5700,29024.8200
2022-02-17,14477.3400,29036.4000
2022-02-18,14388.1700,28857.5600
2022-02-21,14361.3300,28803.7200
2022-02-22,14196.6200,28473.3700
2022-02-23,14218.3400,28516.9400
2022-02-24,13827.2100,27732.4700
2022-02-25,13854.3200,27786.8500
2022-03-01,14010.9900,28101.0700
2022-03-02,13961.1200,28001.0500
2022-03-03,14001.9100,28082.8500
2022-03-04,13833.4100,27744.9000
2022-03-07,13390.3200,26856.2100
2022-03-08,13122.6200,26319.3100
2022-03-09,13253.4400,26581.6900
2022-03-10,13626.2500,27329.4200
2022-03-11,13456.9000,26989.7500
2022-03-14,13419.3900,26914.5300
2022-03-15,13153.8600,26385.5700
2022-03-16,13162.4700,26463.7900
2022-03-17,13608.0900,27359.7300
2022-03-18,13601.3600,27346.2000
2022-03-21,13689.8000,27524.0100
2022-03-22,13660.3800,27464.8500
2022-03-23,13812.5200,27770.7500
2022-03-24,13800.0200,27745.6200
2022-03-25,13834.8800,27816.7200
2022-03-28,13661.3200,27467.7600
2022-03-29,13683.3400,27512.0500
2022-03-30,13857.0600,27861.3300
2022-03-31,13828.5900,27804.0900
2022-04-01,13730.4000,27606.6700
2022-04-06,13601.7500,27347.9900
2022-04-07,13342.6700,26827.0800
2022-04-08,13396.1400,26934.5900
2022-04-11,13217.4000,26575.2100
2022-04-12,13184.3500,26508.7600
2022-04-13,13462.2100,27067.4200
2022-04-14,13396.2800,26934.8800
2022-04-15,13187.4500,26515.0000
2022-04-18,13111.6500,26362.5800
2022-04-19,13168.1600,26476.2100
2022-04-20,13304.7800,26750.9000
2022-04-21,13249.2600,26639.2600
2022-04-22,13157.9900,26455.7600
2022-04-25,12890.9600,25918.8700
2022-04-26,12916.6900,25970.6000
2022-04-27,12596.0300,25325.8700
2022-04-28,12713.1500,25561.3500
2022-04-29,12856.7500,25850.0900
2022-05-03,12741.3500,25618.0600
2022-05-04,12802.9700,25741.9400
2022-05-05,12903.7200,25944.5200
2022-05-06,12657.0800,25448.6200
2022-05-09,12416.4400,24964.7800
2022-05-10,12398.9200,24929.5500
2022-05-11,12393.7100,24919.0900
2022-05-12,12062.4900,24253.1300
2022-05-13,12201.0900,24531.7900
2022-05-16,12272.1000,24674.5800
2022-05-17,12403.2300,24938.2200
2022-05-18,12620.0900,25374.2500
2022-05-19,12350.8800,24832.9700
2022-05-20,12469.6400,25071.7600
2022-05-23,12468.5900,25069.6300
2022-05-24,12312.1700,24755.1300
2022-05-25,12406.7700,24945.3400
2022-05-26,12269.2400,24668.8200
2022-05-27,12564.5000,25262.4800
2022-05-30,12867.5700,25871.8300
2022-05-31,13088.7000,26316.4500
2022-06-01,12921.5700,25980.4000
2022-06-02,12790.1500,25716.1700
2022-06-06,12845.4500,25827.3700
2022-06-07,12734.7800,25604.8400
2022-06-08,12904.2200,25945.5300
2022-06-09,12846.7800,25830.0400
2022-06-10,12686.5900,25507.9600
2022-06-13,12370.1400,24871.6900
2022-06-14,12339.8800,24810.8400
2022-06-15,12281.5600,24693.5800
2022-06-16,12217.1400,24624.5200
2022-06-17,12037.7300,24262.9000
2022-06-20,11910.6100,24006.6800
2022-06-21,12163.7300,24521.7300
2022-06-22,11854.9400,23937.7800
2022-06-23,11645.1700,23612.5700
2022-06-24,11707.5900,23739.1300
2022-06-27,11901.8400,24165.8000
2022-06-28,11835.1900,24061.6000
2022-06-29,11670.6900,23803.1300
2022-06-30,11357.3200,23182.5600
2022-07-01,10979.0100,22410.3400
2022-07-04,10795.7800,22132.0500
2022-07-05,10887.0700,22358.5100
2022-07-06,10600.7500,21823.7600
2022-07-07,10941.6400,22534.4200
2022-07-08,11057.5300,22786.1800
2022-07-11,10949.2300,22563.0000
2022-07-12,10656.4100,21986.5000
2022-07-13,11006.1400,22708.0700
2022-07-14,11091.9900,22911.5800
2022-07-15,11255.3600,23253.1100
2022-07-18,11364.5400,23478.6800
2022-07-19,11310.7000,23367.4500
2022-07-20,11364.5700,23490.8300
2022-07-21,11552.6300,23884.7200
2022-07-22,11577.6600,23936.4700
2022-07-25,11538.6600,23855.8400
2022-07-26,11441.1200,23689.8800
2022-07-27,11543.9500,23926.1600
2022-07-28,11547.3400,23941.2100
2022-07-29,11641.9100,24165.4800
2022-08-01,11606.2900,24108.0700
2022-08-02,11403.4100,23686.6500
2022-08-03,11503.9800,23900.3600
2022-08-04,11457.3100,23825.2100
2022-08-05,11750.1500,24434.1800
2022-08-08,11716.5500,24364.3100
2022-08-09,11715.4500,24362.0100
2022-08-10,11587.7800,24105.7100
2022-08-11,11830.6700,24636.2800
2022-08-12,11882.4400,24744.0900
2022-08-15,11982.7600,24953.0000
2022-08-16,11993.4200,24975.2000
2022-08-17,12037.6800,25067.3700
2022-08-18,11935.2100,24857.7800
2022-08-19,11927.6800,24842.1100
2022-08-22,11764.0900,24501.3900
2022-08-23,11620.6300,24204.3500
2022-08-24,11579.0200,24123.8700
2022-08-25,11679.7100,24333.6300
2022-08-26,11745.8600,24471.4600
2022-08-29,11454.6700,23864.8000
2022-08-30,11437.0300,23828.0400
2022-08-31,11569.3600,24103.7400
2022-09-01,11306.8500,23556.8100
2022-09-02,11180.5900,23293.7600
2022-09-05,11213.9200,23363.2000
2022-09-06,11279.8700,23500.6000
2022-09-07,11008.5900,22937.3500
2022-09-08,11099.8400,23127.4700
2022-09-12,11295.8800,23548.3100
2022-09-13,11383.9600,23731.9300
2022-09-14,11145.5200,23234.8700
2022-09-15,11137.2300,23280.3100
2022-09-16,11042.1100,23081.4800
2022-09-19,10952.5100,22894.1800
2022-09-20,11070.8400,23141.5300
2022-09-21,10974.6800,22940.5200
2022-09-22,10834.1600,22646.8000
2022-09-23,10698.3800,22362.9800
2022-09-26,10484.7800,21916.4800
2022-09-27,10498.1000,21944.3200
2022-09-28,10259.4000,21445.3900
2022-09-29,10252.8100,21431.6000
2022-09-30,10098.3100,21108.6400
2022-10-03,9991.7900,20885.9900
2022-10-04,10222.1400,21367.4900
2022-10-05,10485.8700,21918.7800
2022-10-06,10576.6700,22108.5700
2022-10-07,10371.7700,21680.2700
2022-10-11,9814.6500,20515.7100
2022-10-12,9784.0100,20451.6600
2022-10-13,9655.4500,20182.9400
2022-10-14,9927.7600,20752.1500
2022-10-17,9743.7600,20367.5300
2022-10-18,9895.2800,20684.2500
2022-10-19,9730.0600,20338.8900
2022-10-20,9739.0500,20357.6900
2022-10-21,9648.3400,20168.0700
2022-10-24,9647.3100,20165.9200
2022-10-25,9442.8500,19738.5200
2022-10-26,9526.5500,19913.4800
2022-10-27,9664.8700,20202.6200
2022-10-28,9565.4400,19994.7800
2022-10-31,9711.6300,20300.3600
2022-11-01,9764.7600,20411.4300
2022-11-02,9810.2900,20506.6000
2022-11-03,9659.8800,20192.1900
2022-11-04,9662.4300,20197.5300
2022-11-07,9830.0400,20547.8700
2022-11-08,9962.9400,20825.6800
2022-11-09,10258.0100,21442.4800
2022-11-10,10126.0600,21166.6600
2022-11-11,10669.4600,22302.5400
2022-11-14,10780.7400,22535.1400
2022-11-15,11221.3800,23456.2300
2022-11-16,11252.1800,23520.6000
2022-11-17,11223.9300,23461.5600
2022-11-18,11216.2100,23445.4100
2022-11-21,11162.8600,23333.9000
2022-11-22,11279.2300,23577.1400
2022-11-23,11319.9400,23662.2400
2022-11-24,11443.2700,23920.0300
2022-11-25,11453.5200,23941.4600
2022-11-28,11181.9100,23373.7300
2022-11-29,11323.5500,23669.7800
2022-11-30,11445.2900,23924.2600
2022-12-01,11572.0800,24189.2800
2022-12-02,11504.1800,24047.3500
2022-12-05,11472.5400,23981.2300
2022-12-06,11261.1900,23539.4400
2022-12-07,11197.6000,23406.5100
2022-12-08,11105.0200,23213.0000
2022-12-09,11266.0200,23549.5200
2022-12-12,11175.4900,23360.3000
2022-12-13,11092.4900,23186.8000
2022-12-14,11271.3600,23560.7000
2022-12-15,11245.6200,23569.5200
2022-12-16,11067.4300,23196.0600
2022-12-19,10989.4900,23032.6900
2022-12-20,10804.2600,22644.4700
2022-12-21,10844.6900,22729.2200
2022-12-22,11024.3900,23105.8400
2022-12-23,10839.2400,22717.8000
2022-12-26,10858.3200,22757.7900
2022-12-27,10884.2400,22812.1100
2022-12-28,10763.2200,22558.4600
2022-12-29,10670.1000,22363.3000
2022-12-30,10716.3700,22460.2800
2023-01-03,10796.8500,22628.9500
2023-01-04,10744.9800,22520.2400
2023-01-05,10867.1900,22776.3800
2023-01-06,10924.9400,22897.4100
2023-01-09,11312.0700,23708.7900
2023-01-10,11377.9100,23846.7800
2023-01-11,11334.8900,23756.6200
2023-01-12,11335.1600,23757.1800
2023-01-13,11470.0300,24039.8500
2023-01-16,11567.7300,24244.6300
2023-01-17,11552.4400,24212.5800
2023-01-30,12138.4000,25440.6800
2023-01-31,11828.0600,24790.2500
2023-02-01,11964.0200,25075.2000
2023-02-02,12114.4200,25390.4300
2023-02-03,12128.7400,25420.4300
2023-02-06,11891.1400,24922.4600
2023-02-07,11863.9500,24865.4700
2023-02-08,12102.5800,25365.6000
2023-02-09,12092.3500,25344.1700
2023-02-10,12141.8500,25447.9100
2023-02-13,12094.1600,25347.9600
2023-02-14,12185.8400,25540.1200
2023-02-15,11923.5400,24990.3500
2023-02-16,11988.7300,25127.0000
2023-02-17,11885.6500,24910.9600
2023-02-20,11910.1800,24962.3700
2023-02-21,11900.0300,24941.0800
2023-02-22,11758.3800,24644.2100
2023-02-23,11929.7100,25003.3000
2023-02-24,11804.3700,24740.6000
2023-03-01,11960.6000,25068.0400
2023-03-02,11929.0100,25001.8300
2023-03-03,11909.5200,24960.9800
2023-03-06,12030.0500,25213.6000
2023-03-07,12106.5200,25373.8700
2023-03-08,12046.2300,25247.5000
2023-03-09,12020.0400,25192.6200
2023-03-10,11838.2200,24811.5500
2023-03-13,11888.8700,24917.7000
2023-03-14,11729.6000,24583.8800
2023-03-15,11751.5100,24629.8100
2023-03-16,11638.8500,24460.3900
2023-03-17,11848.7100,24901.4300
2023-03-20,11768.2500,24732.3400
2023-03-21,11841.2900,24885.8300
2023-03-22,12078.8800,25385.1400
2023-03-23,12175.5200,25588.2500
2023-03-24,12206.4400,25654.6200
2023-03-27,12092.8300,25415.8300
2023-03-28,11992.5100,25205.0000
2023-03-29,12063.0500,25353.2500
2023-03-30,12130.4500,25494.9000
2023-03-31,12131.8100,25497.7700
2023-04-06,12057.5100,25341.6100
2023-04-07,12065.1100,25357.5800
2023-04-10,12063.4800,25354.1600
2023-04-11,12054.4000,25335.0700
2023-04-12,12024.4000,25272.0200
2023-04-13,11902.0200,25014.8000
2023-04-14,12008.5900,25254.0400
2023-04-17,12026.7400,25292.2100
2023-04-18,11941.0600,25112.0200
2023-04-19,11845.4300,24910.9200
2023-04-20,11850.6900,24921.9800
2023-04-21,11803.0400,24821.7700
2023-04-24,11780.4900,24774.3500
2023-04-25,11596.2400,24386.8800
2023-04-26,11543.9100,24276.8100
2023-04-27,11570.5600,24332.8700
2023-04-28,11710.8300,24627.8600
2023-05-02,11722.7500,24652.9100
2023-05-03,11661.0100,24523.0800
2023-05-04,11697.9700,24600.8000
2023-05-05,11728.5500,24665.1200
2023-05-08,11796.3500,24807.7000
2023-05-09,11870.8700,24964.4100
2023-05-10,11777.5300,24768.1300
2023-05-11,11708.9200,24623.8400
2023-05-12,11652.7000,24505.6000
2023-05-15,11646.1900,24491.9000
2023-05-16,11806.5500,24829.1400
2023-05-17,12023.8900,25286.2200
2023-05-18,12191.0400,25637.7300
2023-05-19,12238.9000,25738.3700
2023-05-22,12215.5900,25689.3700
2023-05-23,12206.7700,25670.8100
2023-05-24,12149.1600,25549.6600
2023-05-25,12316.0800,25900.6800
2023-05-26,12595.9200,26489.1800
2023-05-29,12658.9300,26621.6900
2023-05-30,12657.7800,26619.2900
2023-05-31,12563.8700,26421.7900
2023-06-01,12467.7700,26219.7000
2023-06-02,12636.0800,26573.6500
2023-06-05,12590.6400,26478.1000
2023-06-06,12655.7900,26620.9700
2023-06-07,12804.3600,26933.4800
2023-06-08,12657.6900,26624.9700
2023-06-09,12771.2400,26863.8100
2023-06-12,12877.0100,27086.2900
2023-06-13,13138.6300,27638.0500
2023-06-14,13126.0800,27614.7300
2023-06-15,13160.8800,27750.7900
2023-06-16,13115.7300,27655.6000
2023-06-19,13087.3300,27595.7000
2023-06-20,12999.1200,27516.6900
2023-06-21,12982.5900,27481.7100
2023-06-26,12858.7700,27219.6100
2023-06-27,12766.3800,27078.8900
2023-06-28,12800.3700,27160.5600
2023-06-29,12762.1400,27121.7800
2023-06-30,12721.7200,27159.4900
2023-07-03,12823.7600,27384.1300
2023-07-04,12862.1000,27583.1600
2023-07-05,12797.4700,27453.2900
2023-07-06,12502.0800,26825.9700
2023-07-07,12460.0300,26735.7300
2023-07-10,12445.6300,26704.8400
2023-07-11,12659.1500,27186.8800
2023-07-12,12708.1900,27292.2000
2023-07-13,12791.9700,27482.2400
2023-07-14,12951.0000,27823.8800
2023-07-17,12974.7200,27879.9700
2023-07-18,12887.5800,27692.7400
2023-07-19,12832.2600,27573.8700
2023-07-20,12822.1700,27562.8700
2023-07-21,12605.3700,27096.8400
2023-07-24,12603.0000,27091.7300
2023-07-25,12773.5700,27458.4100
2023-07-26,12754.7400,27435.4300
2023-07-27,12794.0200,27522.5700
2023-07-28,12809.4500,27555.7600
2023-07-31,12747.0000,27421.4200
2023-08-01,12844.9200,27640.6800
2023-08-02,12659.3900,27241.4300
2023-08-04,12569.1800,27088.1300
2023-08-07,12649.0600,27260.2800
2023-08-08,12541.1000,27027.6200
2023-08-09,12572.1400,27106.0000
2023-08-10,12470.8200,26904.3900
2023-08-11,12413.1000,26787.9100
2023-08-14,12300.6500,26545.2500
2023-08-15,12288.8200,26519.7100
2023-08-16,12269.2900,26477.5700
2023-08-17,12279.1000,26507.1900
2023-08-18,12198.4900,26333.1900
2023-08-21,12170.4700,26272.7000
2023-08-22,12222.2500,26384.4700
2023-08-23,12348.3000,26656.5800
2023-08-24,12552.5300,27097.4500
2023-08-25,12286.8800,26524.0000
2023-08-28,12354.2500,26669.4200
2023-08-29,12421.5700,26814.7400
2023-08-30,12479.2300,26939.2300
2023-08-31,12370.2200,26703.9100
2023-09-01,12387.1000,26740.3400
2023-09-04,12517.0800,27020.9400
2023-09-05,12478.3400,26937.2900
2023-09-06,12424.1800,26820.3800
2023-09-07,12319.3800,26594.1400
2023-09-08,12277.1700,26503.0200
2023-09-11,12200.6300,26350.2000
2023-09-12,12340.4500,26652.1700
2023-09-13,12312.9300,26592.7400
2023-09-14,12491.9500,27050.5700
2023-09-15,12605.8300,27297.1800
2023-09-18,12370.0000,26786.4800
2023-09-19,12332.0200,26704.2600
2023-09-20,12254.9300,26537.3200
2023-09-21,12085.8200,26171.1300
2023-09-22,12061.6200,26118.7200
2023-09-25,12140.6600,26289.8600
2023-09-26,11994.3900,25975.0700
2023-09-27,12031.7600,26055.9900
2023-09-28,12059.0500,26115.0800
2023-10-02,12238.6800,26504.1100
2023-10-03,12162.8900,26339.9700
2023-10-04,12005.0500,25998.1600
2023-10-05,12157.5100,26328.3200
2023-10-06,12229.0900,26483.3400
2023-10-11,12428.1800,26914.4700
2023-10-12,12533.5100,27142.5800
2023-10-13,12529.6000,27134.1200
2023-10-16,12422.7100,26902.6300
2023-10-17,12450.7800,26963.4100
2023-10-18,12280.8400,26595.3900
2023-10-19,12317.3600,26674.5400
2023-10-20,12371.2200,26791.1800
2023-10-23,12177.1300,26370.8500
2023-10-24,12184.9800,26387.8400
2023-10-25,12202.4900,26425.7800
2023-10-26,11978.8000,25941.3500
2023-10-27,12028.2500,26048.4300
2023-10-30,12019.5500,26029.6000
2023-10-31,11947.1000,25872.7000
2023-11-01,11956.7200,25893.5400
2023-11-02,12276.9000,26586.9100
2023-11-03,12359.3300,26765.4200
2023-11-06,12432.0800,26922.9800
2023-11-07,12477.5200,27021.3800
2023-11-08,12519.4300,27112.1400
2023-11-09,12534.8900,27145.6100
2023-11-10,12493.2800,27055.5000
2023-11-13,12673.7700,27446.3900
2023-11-14,12717.8800,27541.9000
2023-11-15,12887.2300,27908.6400
2023-11-16,12905.6900,27948.6300
2023-11-17,12905.9400,27949.1700
2023-11-20,12887.9500,27910.2100
2023-11-21,13073.6800,28312.4200
2023-11-22,12957.9100,28061.7100
2023-11-23,12942.1000,28027.4700
2023-11-24,12930.1300,28001.5600
2023-11-27,12808.5100,27738.1700
2023-11-28,12941.0900,28025.2800
2023-11-29,12945.7700,28035.4300
2023-11-30,12993.5400,28138.8700
2023-12-01,12985.6100,28121.7000
2023-12-04,12935.9700,28014.1900
2023-12-05,12858.8800,27847.2600
2023-12-06,12874.8800,27881.9000
2023-12-07,12806.5300,27733.8800
2023-12-08,12891.2800,27917.4300
2023-12-11,12934.0100,28009.9600
2023-12-12,12969.8900,28087.6600
2023-12-13,12977.5700,28104.2900
2023-12-14,13125.8600,28495.0300
2023-12-15,13161.8100,28573.0700
2023-12-18,13156.5000,28561.5500
2023-12-19,13131.4000,28507.0600
2023-12-20,13139.3300,28524.2700
2023-12-21,13037.1400,28302.4300
2023-12-22,13098.2000,28434.9800
2023-12-25,13119.7000,28481.6700
2023-12-26,13219.6100,28698.5600
2023-12-27,13355.0200,28992.5300
2023-12-28,13370.9400,29027.0700
2023-12-29,13381.8800,29050.8200
2024-01-02,13309.2100,28893.0700
2024-01-03,13034.4900,28296.6700
2024-01-04,13037.7800,28338.8400
2024-01-05,12974.4800,28201.2600
2024-01-08,13051.3400,28368.3100
2024-01-09,13056.4800,28379.5000
2024-01-10,13000.8000,28258.4700
2024-01-11,13044.4000,28353.2200
2024-01-12,13028.7200,28319.1600
2024-01-15,13047.8600,28360.7400
2024-01-16,12894.4000,28027.1800
2024-01-17,12789.2900,27798.7300
2024-01-18,12879.2700,27994.3100
2024-01-19,13398.2200,29122.2900
2024-01-22,13458.5300,29253.3700
2024-01-23,13494.2200,29330.9700
2024-01-24,13496.0100,29334.8500
2024-01-25,13677.2400,29728.7600
2024-01-26,13676.6200,29727.4100
2024-01-29,13761.9300,29912.8500
2024-01-30,13673.2500,29720.1000
2024-01-31,13514.6900,29375.4500
2024-02-01,13535.1400,29419.8900
2024-02-02,13626.4100,29618.2900
2024-02-05,13717.5500,29816.3900
2024-02-15,14316.4800,31118.2200
2024-02-16,14179.0700,30819.5400
2024-02-19,14170.8700,30801.7100
2024-02-20,14313.5300,31111.8000
2024-02-21,14210.5400,30887.9500
2024-02-22,14378.2900,31252.5600
2024-02-23,14456.4300,31422.4100
2024-02-26,14487.5200,31489.9900
2024-02-27,14441.8800,31390.7800
2024-02-29,14445.2300,31398.0600
2024-03-01,14391.5200,31281.3200
2024-03-04,14831.7400,32238.1800
2024-03-05,14898.4500,32383.1900
2024-03-06,15005.4900,32615.8500
2024-03-07,15317.3900,33293.8000
2024-03-08,15572.1600,33847.5600
2024-03-11,15425.1400,33527.9800
2024-03-12,15558.6000,33818.0700
2024-03-13,15658.6300,34035.5000
2024-03-14,15681.9500,34086.1900
2024-03-15,15379.0800,33427.8700
2024-03-18,15541.6300,33862.2200
2024-03-19,15522.6300,33820.8200
2024-03-20,15454.8700,33673.1900
2024-03-21,15857.0800,34553.6100
2024-03-22,15885.5400,34615.6200
2024-03-25,15810.1900,34451.4200
2024-03-26,15804.6300,34439.3200
2024-03-27,15830.0400,34499.8000
2024-03-28,15766.6900,34361.7500
2024-03-29,15935.6200,34729.9000
2024-04-01,15780.9200,34392.7600
2024-04-02,16066.3100,35014.7300
2024-04-03,15923.0500,34702.5200
2024-04-08,15975.0500,34815.8300
2024-04-09,16384.2100,35707.5500
2024-04-10,16336.0400,35602.5800
2024-04-11,16352.3900,35638.2000
2024-04-12,16280.5900,35504.4800
2024-04-15,16020.3900,34937.0500
2024-04-16,15597.8400,34015.5600
2024-04-17,15839.5300,34542.6200
2024-04-18,15881.1300,34633.3400
2024-04-19,15112.5100,32957.1500
2024-04-22,15034.5600,32787.1600
2024-04-23,15192.4300,33131.4300
2024-04-24,15684.5200,34204.5900
2024-04-25,15392.7000,33568.1900
2024-04-26,15639.4900,34106.3800
2024-04-29,15944.1300,34770.7300
2024-04-30,15841.6900,34547.3400
2024-05-02,15619.3700,34062.5200
2024-05-03,15767.5400,34385.6300
2024-05-06,15965.5100,34817.3600
2024-05-07,16139.9200,35197.7200
2024-05-08,16189.4900,35305.8100
2024-05-09,16102.2100,35115.4700
2024-05-10,16234.5200,35404.0100
2024-05-13,16416.9500,35801.8700
2024-05-14,16537.4200,36064.5900
2024-05-15,16713.3100,36448.1600
2024-05-16,16801.2200,36639.8800
2024-05-17,16737.9600,36501.9200
2024-05-20,16751.0500,36530.4700
2024-05-21,16743.7500,36514.5300
2024-05-22,17069.2400,37224.3500
2024-05-23,17225.9900,37566.1900
2024-05-24,17120.7600,37336.7200
2024-05-27,17331.3900,37796.0600
2024-05-28,17297.3500,37721.8300
2024-05-29,17096.0000,37282.7200
2024-05-30,16814.2800,36668.3500
2024-05-31,16564.2200,36123.0200
2024-06-03,16947.1000,36958.0000
2024-06-04,16770.3700,36572.5800
2024-06-05,16948.9300,36962.0000
2024-06-06,17473.2200,38105.3500
2024-06-07,17315.0500,37760.4200
2024-06-11,17320.1100,37774.9300
2024-06-12,17659.7700,38515.7400
2024-06-13,17911.6700,39146.6900
2024-06-14,18033.2600,39412.4200
2024-06-17,18018.9800,39381.2000
2024-06-18,18304.5800,40018.9000
2024-06-19,18869.0200,41252.9400
2024-06-20,19002.8000,41551.6900
2024-06-21,18837.9200,41191.1500
2024-06-24,18384.0800,40198.8000
2024-06-25,18441.5400,40331.4700
2024-06-26,18582.5800,40639.9200
2024-06-27,18537.2700,40578.5000
2024-06-28,18634.3700,40791.0600
2024-07-01,18678.2300,40935.5900
2024-07-02,18487.6700,40612.8100
2024-07-03,18749.5500,41199.7900
2024-07-04,19126.1000,42089.2100
2024-07-05,19118.9600,42073.5000
2024-07-08,19595.6800,43128.8600
2024-07-09,19686.9300,43332.3300
2024-07-10,19745.2600,43488.1100
2024-07-11,20190.7200,44473.0600
2024-07-12,19617.6600,43210.8200
2024-07-15,19573.2400,43144.6100
2024-07-16,19716.1000,43459.5100
2024-07-17,19412.2200,42799.5100
2024-07-18,19036.6800,41984.2800
2024-07-19,18553.6300,40937.1400
2024-07-22,18004.0100,39724.4500
2024-07-23,18620.5100,41088.4300
2024-07-26,17825.8200,39355.2100
2024-07-29,18019.2400,39782.2400
2024-07-30,18004.9400,39750.6600
2024-07-31,17969.8400,39678.2800
2024-08-01,18345.3100,40526.5000
2024-08-02,17402.8100,38444.4500
2024-08-05,15886.1800,35094.0700
2024-08-06,16728.4400,36961.9300
2024-08-07,17362.1200,38362.0700
2024-08-08,16979.3000,37541.0800
2024-08-09,17557.3900,38819.2400
2024-08-12,17784.8000,39322.0300
2024-08-13,17805.2400,39379.0400
2024-08-14,18007.1800,39832.4000
2024-08-15,17841.8600,39472.5300
2024-08-16,18281.8900,40446.0200
2024-08-19,18335.7100,40569.1300
2024-08-20,18342.7100,40584.6400
2024-08-21,18121.8900,40096.0600
2024-08-22,18023.3100,39886.2500
2024-08-23,18004.7400,39845.1600
2024-08-26,18057.5200,39961.9700
2024-08-27,17954.1600,39733.2300
2024-08-28,18203.9500,40286.0200
2024-08-29,17986.5700,39804.9400
2024-08-30,18000.0400,39834.7700
2024-09-02,18024.5000,39888.8900
2024-09-03,17902.4800,39618.8500
2024-09-04,17039.1400,37708.2500
2024-09-05,17150.5000,37961.8700
2024-09-06,17409.4400,38535.0200
2024-09-09,17094.3900,37837.6900
2024-09-10,17117.1400,37888.0400
2024-09-11,17064.9100,37772.4400
2024-09-12,17673.9600,39218.8500
2024-09-13,17741.6400,39369.0400
2024-09-16,17792.6000,39482.1300
2024-09-18,17635.4500,39133.3900
2024-09-19,17940.3500,39809.9800
2024-09-20,18098.1800,40160.2000
2024-09-23,18223.8900,40439.1500
2024-09-24,18394.2400,40817.1700
2024-09-25,18692.5400,41479.1100
2024-09-26,18835.2400,41798.1000
2024-09-27,18696.1000,41489.3400
2024-09-30,18056.1700,40069.2400
2024-10-01,18259.5900,40520.6600
2024-10-04,18280.7300,40567.5600
2024-10-07,18663.2000,41416.3200
2024-10-08,18647.6200,41381.7500
2024-10-09,18779.4200,41674.2400
2024-10-11,19103.8900,42394.2800
2024-10-14,19139.1300,42472.4900
2024-10-15,19536.3900,43354.0600
2024-10-16,19186.6400,42577.9100
2024-10-17,19149.3700,42495.2100
2024-10-18,19732.2400,43788.6800
2024-10-21,19730.2300,43784.2200
2024-10-22,19696.7100,43709.8800
2024-10-23,19470.7600,43208.4600
2024-10-24,19382.1800,43011.8700
2024-10-25,19535.6300,43352.4200
2024-10-28,19381.5100,43010.4000
2024-10-29,19159.4800,42517.6700
2024-10-30,19040.0600,42252.6800
2024-11-01,18928.2500,42004.5500
2024-11-04,19176.2700,42554.9400
2024-11-05,19303.8500,42838.0600
2024-11-06,19427.7600,43113.0200
2024-11-07,19549.7900,43383.8300
2024-11-08,19806.4600,43953.4200
2024-11-11,19765.7900,43863.1600
2024-11-12,19240.3200,42697.0700
2024-11-13,19107.2100,42401.6900
2024-11-14,19019.1500,42206.2600
2024-11-15,19008.0700,42181.6700
2024-11-18,18845.7500,41821.4600
2024-11-19,19086.9000,42356.6100
2024-11-20,18929.1600,42006.5700
2024-11-21,18720.1600,41542.7600
2024-11-22,19102.8300,42391.9600
2024-11-25,19061.3600,42299.9300
2024-11-26,18781.3900,41678.6400
2024-11-27,18534.6300,41131.0500
2024-11-28,18564.3000,41196.8900
2024-11-29,18452.5600,40948.9100
2024-12-02,18997.5400,42158.3200
2024-12-03,19270.8700,42764.8700
2024-12-04,19490.2800,43251.7700
2024-12-05,19533.1600,43346.9200
2024-12-06,19429.1500,43116.1200
2024-12-09,19546.3500,43376.1900
2024-12-10,19414.2500,43083.0500
2024-12-11,19171.4900,42544.3400
2024-12-12,19358.9800,43054.6900
2024-12-13,19416.2400,43182.0400
2024-12-16,19553.4600,43487.2200
2024-12-17,19475.2100,43313.2000
2024-12-18,19610.9800,43615.1400
2024-12-19,19378.8100,43098.8000
2024-12-20,18925.2300,42090.0200
2024-12-23,19550.1300,43479.8100
2024-12-24,19563.8800,43510.4000
2024-12-25,19622.9400,43641.7500
2024-12-26,19639.7800,43679.2000
2024-12-27,19706.5700,43827.7500
2024-12-30,19646.6400,43694.4600
2024-12-31,19457.5000,43273.8100
2025-01-02,19251.3900,42856.8300
2025-01-03,19380.8000,43144.9300
2025-01-06,20062.6300,44662.7900
2025-01-07,20209.0200,44988.6800
2025-01-08,19896.9300,44293.9100
2025-01-09,19692.9600,43839.8400
2025-01-10,19646.1200,43735.5600
2025-01-13,19175.8700,42688.7200
2025-01-14,19444.8400,43287.4900
2025-01-15,19128.0500,42582.2600
2025-01-16,19662.8200,43772.7300
2025-01-17,19808.1800,44096.3400
2025-01-20,19877.4000,44250.4400
2025-01-21,19910.8800,44324.9700
2025-01-22,20111.6600,44771.9400
2025-02-03,19239.4400,42830.2200
2025-02-04,19454.0200,43307.9300
2025-02-05,19757.6900,43983.9400
2025-02-06,19862.8700,44218.0800
2025-02-07,20013.8600,44554.2100
2025-02-10,19750.7300,43968.4500
2025-02-11,19877.8900,44251.5200
2025-02-12,19763.4600,43996.7800
2025-02-13,19764.2600,43998.5500
2025-02-14,19420.2000,43232.6300
2025-02-17,19787.5100,44050.3200
2025-02-18,19947.0700,44405.5400
2025-02-19,19822.6400,44128.5300
2025-02-20,19671.7300,43792.5700
2025-02-21,19901.2600,44303.5400
2025-02-24,19684.0800,43820.0800
2025-02-25,19403.4500,43195.3400
2025-02-26,19530.9100,43479.0900
2025-02-27,19180.7900,42699.6600
2025-03-03,18890.7300,42053.9400
2025-03-04,18664.2900,41549.8500
2025-03-05,18934.7800,42151.9900
2025-03-06,18770.4300,41786.1300
2025-03-07,18678.6800,41581.8900
2025-03-10,18560.8000,41319.4700
2025-03-11,18191.5700,40497.5000
2025-03-12,18419.8900,41005.7700
2025-03-13,18113.1300,40322.8700
2025-03-14,18059.8000,40204.1600
2025-03-17,18224.1900,40570.1100
2025-03-18,18334.6200,40922.2000
2025-03-19,18033.9400,40251.1000
2025-03-20,18458.4400,41209.0100
2025-03-21,18292.8200,40839.2600
2025-03-24,18242.5500,40727.0400
2025-03-25,18473.4400,41242.5100
2025-03-26,18402.2400,41083.5500
2025-03-27,18088.8500,40383.9000
2025-03-28,17877.5100,39912.0700
2025-03-31,17137.6300,38260.2600
2025-04-01,17689.5800,39492.5100
2025-04-02,17671.5000,39452.1400
2025-04-07,15941.7900,35590.5200
2025-04-08,15374.7300,34324.5500
2025-04-09,14605.5100,32607.2400
2025-04-10,15981.5800,35679.3600
2025-04-11,16500.9800,36838.9400
2025-04-14,16338.7600,36476.7700
2025-04-15,16541.7600,36929.9700
2025-04-16,16204.6600,36177.3900
2025-04-17,16048.3400,35828.4100
2025-04-18,16112.3600,35971.3200
2025-04-21,15895.1600,35486.4100
2025-04-22,15570.5700,34761.7500
2025-04-23,16409.5700,36634.8700
2025-04-24,16216.9000,36204.7200
2025-04-25,16611.7600,37086.2500
2025-04-28,16751.6500,37398.5700
2025-04-29,16870.0800,37662.9600
2025-04-30,16930.3700,37797.5600
2025-05-02,17465.1000,38991.3600
2025-05-05,17247.1300,38504.7300
2025-05-06,17145.3100,38277.4200
2025-05-07,17208.3300,38418.1200
2025-05-08,17128.3000,38239.4300
2025-05-09,17538.5400,39155.3200
2025-05-12,17707.6100,39532.7700
2025-05-13,17922.9100,40013.4200
2025-05-14,18374.1100,41020.7600
2025-05-15,18316.0100,40891.0400
2025-05-16,18402.3600,41083.8300
2025-05-19,18116.7200,40446.1300
2025-05-20,18093.8900,40395.1500
2025-05-21,18333.2300,40929.4900
2025-05-22,18213.9000,40663.0700
2025-05-23,18205.7300,40644.8400
2025-05-26,18068.1600,40337.7000
2025-05-27,17890.3600,39940.7600
2025-05-28,17929.9700,40029.2000
2025-05-29,17900.6400,39963.7200
2025-06-02,17618.8100,39334.5100
2025-06-03,17734.0900,39602.0400
2025-06-04,18243.3500,40739.2700
2025-06-05,18300.1500,40866.1100
2025-06-06,18273.3400,40806.2500
2025-06-09,18427.3300,41150.1200
2025-06-10,18933.3300,42280.0600
2025-06-11,19181.2300,42833.6500
2025-06-12,18956.6000,42436.5700
2025-06-13,18768.7400,42025.2700
2025-06-16,18719.0300,41913.9600
2025-06-17,18921.5300,42391.4600
2025-06-18,19063.6500,42709.8700
2025-06-19,18761.6300,42067.1700
2025-06-20,18927.1100,42438.2100
2025-06-23,18551.5900,41596.2400
2025-06-24,18986.7600,42617.6700
2025-06-25,19257.6000,43226.5600
2025-06-26,19293.3200,43329.4200
2025-06-27,19368.1400,43497.4600
2025-06-30,19049.3200,42858.6800
2025-07-01,19383.6900,43668.5600
2025-07-02,19385.5400,43771.2000
2025-07-03,19477.0000,44032.8100
2025-07-04,19379.2100,43811.7200
2025-07-07,19297.6500,43627.3400
2025-07-08,19273.8600,43573.5500
2025-07-09,19450.6200,44014.7600
2025-07-10,19661.7900,44492.6200
2025-07-11,19681.7100,44537.7000
2025-07-14,19563.8900,44306.8700
2025-07-15,19786.6300,44813.3900
2025-07-16,20032.6900,45370.6800
2025-07-17,20041.6900,45394.8300
2025-07-18,20364.9100,46126.9300
2025-07-21,20292.3900,45962.6800
2025-07-22,20005.2400,45333.2300
2025-07-23,20253.8200,45896.5400
2025-07-24,20293.0000,45988.9800
2025-07-25,20283.4300,45967.3100
2025-07-28,20302.6200,46010.7800
2025-07-29,20103.3300,45559.1400
2025-07-30,20360.4800,46156.1900
2025-07-31,20487.5900,46463.6500
2025-08-01,20302.4400,46043.7500
2025-08-04,20239.4200,45900.8200
2025-08-05,20517.1800,46530.7500
2025-08-06,20237.3200,45896.0600
2025-08-07,20903.9000,47437.1500
2025-08-08,20882.3600,47388.2800
2025-08-11,20989.0800,47630.7400
2025-08-12,20997.5200,47669.1400
2025-08-13,21258.5700,48280.3000
2025-08-14,21020.4400,47742.0900
2025-08-15,21108.7700,47942.7100
2025-08-18,21190.8700,48129.1900
2025-08-19,21114.8700,47963.5700
2025-08-20,20382.7900,46300.6200
2025-08-21,20643.9900,46903.6000
2025-08-22,20425.3600,46406.8700
2025-08-25,20932.1000,47558.2000
2025-08-26,20958.7500,47618.7400
2025-08-27,21155.9000,48066.6800
2025-08-28,20781.7800,47221.1100
2025-08-29,20736.2400,47117.6400
2025-09-01,20693.3000,47020.0600
2025-09-02,20670.3400,46970.7500
2025-09-03,20704.6500,47048.6900
2025-09-04,20744.4100,47139.0400
2025-09-05,21068.4300,47875.3500
2025-09-08,21082.4100,47907.1100
2025-09-09,21442.6900,48725.8100
2025-09-10,21828.1700,49614.1600
2025-09-11,21999.2400,50002.9900
2025-09-12,22283.0200,50648.0100
2025-09-15,22191.9300,50440.9600
2025-09-16,22484.8000,51228.3500
2025-09-17,22268.2500,50734.9700
2025-09-18,22587.3600,51462.0300
2025-09-19,22345.8000,50911.6700
2025-09-22,22684.6100,51683.6000
2025-09-23,23167.6700,52784.1900
2025-09-24,23124.6400,52686.1400
2025-09-25,22912.6300,52203.1200
2025-09-26,22551.8300,51381.0800
2025-09-30,22698.4200,51715.0700
2025-10-01,22902.4300,52179.8700
2025-10-02,23396.9900,53306.6600
2025-10-03,23859.6500,54360.7500
2025-10-07,24316.4400,55401.4900
2025-10-08,24097.2200,54902.0300
2025-10-09,24384.8400,55557.3300
2025-10-13,24013.3700,54710.9800
2025-10-14,24001.2200,54683.3000
2025-10-15,24501.0300,55822.0400
2025-10-16,24852.6200,56623.1100
2025-10-17,24456.7400,55721.1400
2025-10-20,24897.0400,56724.3000
2025-10-21,24924.1700,56786.1000
2025-10-22,24732.8600,56350.2500
2025-10-23,24608.5700,56067.0800
2025-10-27,25084.8800,57152.2700
2025-10-28,25037.8500,57045.1200
2025-10-29,25436.5100,57953.4200
2025-10-30,25449.6700,57983.3900
2025-10-31,25378.5300,57821.3100
2025-11-03,25453.8500,57992.9200
2025-11-04,25333.9800,57719.8100
2025-11-05,24822.4400,56554.3400
2025-11-06,24912.6800,56759.9300
2025-11-07,24704.9200,56286.5800
2025-11-10,24930.6000,56800.7700
2025-11-11,24824.6500,56559.3700
2025-11-12,24939.0800,56820.0800
2025-11-13,24797.5000,56497.5200
2025-11-14,24322.2600,55414.7600
2025-11-17,24427.0800,55653.5700
2025-11-18,23792.6700,54208.1500
2025-11-19,23634.7700,53848.4100
2025-11-20,24485.4600,55786.5800
2025-11-21,23498.2300,53537.3200
2025-11-24,23463.3100,53457.7400
2025-11-25,23910.9700,54477.6700
2025-11-26,24416.4800,55629.4200
2025-11-27,24485.4800,55786.6200
2025-11-28,24515.2100,55854.3600
2025-12-01,24220.3500,55182.5700
2025-12-02,24486.5200,55789.0000
2025-12-03,24730.7300,56345.3900
2025-12-04,24713.8700,56306.9700
2025-12-05,24921.8500,56780.8200
2025-12-08,25303.9500,57651.3800
2025-12-09,25156.5700,57315.6000
2025-12-10,25464.2100,58016.5200
2025-12-11,24991.6200,57057.5000
2025-12-12,25131.7100,57377.3400
2025-12-15,24761.2100,56531.4600
2025-12-16,24495.1800,55924.1000
2025-12-17,24490.1800,55912.6700
2025-12-18,24467.4600,55860.8100
2025-12-19,24609.6900,56185.5300
2025-12-22,25074.6000,57246.9500
2025-12-23,25309.4600,57783.1600
2025-12-24,25371.2400,57924.2000
2025-12-26,25563.0300,58362.0800
2025-12-29,25867.3700,59056.9000
2025-12-30,25720.6600,58721.9500
2025-12-31,26057.5500,59491.0900
2026-01-02,26496.8000,60493.9200
2026-01-05,27471.6900,62719.6600
2026-01-06,27930.4300,63809.3700
2026-01-07,27633.7400,63131.5400
2026-01-08,27604.5400,63064.8400
2026-01-09,27523.7500,62880.2700
2026-01-12,27708.6200,63302.6300
2026-01-13,27894.8100,63727.9900
2026-01-14,28019.3600,64012.5300
2026-01-15,27805.1800,63523.2300
2026-01-16,28468.1700,65037.8700
2026-01-19,28641.7600,65434.4600
2026-01-20,28781.3200,65753.2900
2026-01-21,28273.5000,64593.1500
2026-01-22,28729.8100,65635.6200
2026-01-23,28966.3000,66175.9000
2026-01-26,28958.3400,66157.7100
2026-01-27,29273.5000,66877.7200
2026-01-28,29757.8300,67984.2000
2026-01-29,29492.6800,67378.4500
2026-01-30,28976.8700,66200.0500
2026-02-02,28685.8100,65535.1000
2026-02-03,29281.5100,66896.0100
2026-02-04,29209.3600,66731.1800
2026-02-05,28804.8100,65806.9500
2026-02-06,28959.7400,66160.9200
2026-02-09,29583.1600,67585.1700
2026-02-10,30367.7500,69377.6300
2026-02-11,30932.2000,70667.1600
2026-02-23,30886.2300,70562.1400
2026-02-24,31815.1900,72684.4200
2026-02-25,32584.2400,74441.3800
2026-02-26,32455.8700,74148.1200
2026-03-02,32133.9600,73412.6800
2026-03-03,31449.5000,71848.9800
2026-03-04,30139.0600,68855.1600
2026-03-05,30880.6200,70549.3300
2026-03-06,30758.0300,70269.2500
2026-03-09,29403.2300,67174.1100
2026-03-10,30031.1200,68608.5600
2026-03-11,31351.8300,71625.8400
2026-03-12,30696.9000,70129.6000
2026-03-13,30454.0200,69574.7200
2026-03-16,30239.4000,69084.4100
2026-03-17,30675.7900,70226.7000
2026-03-18,31120.6000,71245.0200
2026-03-19,30393.5700,69590.9700
2026-03-20,30295.4900,69366.4100
2026-03-23,29642.6500,67871.6100
2026-03-24,29605.8900,67787.4500
2026-03-25,30328.9400,69442.9800
2026-03-26,30246.4200,69254.0500
2026-03-27,29963.4700,68607.6900
2026-03-30,29349.9400,67202.8800
2026-03-31,28758.6400,65848.9900
2026-04-01,30211.9700,69176.6900
2026-04-02,29566.9900,67699.8800
2026-04-07,30237.3800,69234.8800
2026-04-08,31752.0200,72702.9600
2026-04-09,31828.9900,72879.2100
2026-04-10,32437.3700,74272.2100
2026-04-13,32381.0200,74143.1900
2026-04-14,33301.2800,76250.3100
2026-04-15,33753.4900,77285.7400
2026-04-16,34067.5800,78004.9300
2026-04-17,33549.1200,76817.7900
2026-04-20,33612.5500,76963.0400
2026-04-21,34261.9300,78449.9200
2026-04-22,34500.0700,78995.1900
2026-04-23,34575.8300,79168.6800
2026-04-24,36077.7100,82607.5400
2026-04-27,36972.0200,84655.2500
2026-04-28,36672.2000,83968.7500
2026-04-29,36338.8200,83205.4100
2026-04-30,35857.2100,82102.6500
2026-05-04,37846.1700,86656.8000
2026-05-05,37805.3100,86563.2500
2026-05-06,38209.9400,87489.7400
2026-05-07,39045.2400,89402.3200
2026-05-08,38730.2000,88680.9600
2026-05-11,38617.1200,88422.0500
2026-05-12,38738.3200,88699.5700
2026-05-13,38162.7000,87381.5600
2026-05-14,38681.0200,88568.3700
2026-05-15,38269.3200,87625.6900
2026-05-18,37937.9000,86866.8200
2026-05-19,37206.9500,85193.1600
2026-05-20,36980.7300,84675.1800
2026-05-21,38188.6400,87440.9500
2026-05-22,38961.2300,89209.9600
2026-05-25,40351.6300,92393.5900
2026-05-26,40113.0900,91847.4000
2026-05-27,41004.6700,93888.8400
2026-05-28,40479.6300,92686.6700
2026-05-29,41453.4300,94916.3900
2026-06-01,41903.9900,95948.0300
2026-06-02,42180.7200,96581.6700
2026-06-03,43045.1500,98560.9600
2026-06-04,42245.0200,96728.9000
2026-06-05,41701.6700,95484.7700
2026-06-08,40335.8000,92357.3200
2026-06-09,41336.5500,94648.7600
2026-06-10,39970.3900,91520.6400
2026-06-11,39836.3600,91354.6000
2026-06-12,40828.1300,93643.7500
2026-06-15,42059.1600,96467.2600
2026-06-16,42540.4800,97571.2000
2026-06-17,42427.2300,97356.7700
2026-06-18,42910.2200,98465.0700
2026-06-22,44249.2000,101552.4400
2026-06-23,43822.9400,100578.6800
2026-06-24,42453.5400,97435.7500
2026-06-25,42632.9400,97847.9000
2026-06-26,41144.7000,94432.2200
2026-06-29,41565.4200,95397.8000
2026-06-30,42624.5400,97876.9900
2026-07-01,43769.1700,100589.3000
2026-07-02,43302.6100,99600.3700
2026-07-03,43155.6100,99283.2000
2026-07-06,42955.0600,98824.3100
2026-07-07,42129.0800,96959.5200
2026-07-08,42417.6100,97679.5300
2026-07-09,41906.1100,96526.9000
2026-07-13,42028.2200,96850.9000
2026-07-14,41455.3100,95530.6600
2026-07-15,42133.3200,97095.7400
2026-07-16,42316.0700,97556.8100
2026-07-17,39365.5800,90759.2600
2026-07-20,39339.9400,90700.1400
2026-07-21,41117.4900,94841.7500
2026-07-22,41578.8300,95907.7400
2026-07-23,41658.8000,96105.8500
2026-07-24,40519.3700,93477.2000
2026-07-27,40510.4000,93456.5000
2026-07-28,38684.8200,89245.9500
2026-07-29,37176.4400,85766.1200
2026-07-30,37278.5900,86026.8800
2026-07-31,40687.8700,93894.3900
2026-08-03,40664.3600,93840.1300
2026-08-04,40335.7100,93081.7100
2026-08-05,41600.1800,95999.7000
2026-08-06,41212.4500,95104.9500
2026-08-07,41098.3200,94841.5700
2026-08-10,41642.8000,96098.0600
2026-08-11,41877.8200,96662.6700
2026-08-12,42216.6700,97444.8000
2026-08-13,42785.2300,98793.3200
2026-08-14,42499.4400,98133.4300
